"period","aoi","gain","lossgain"
"2000-2012","AOI 1",5.20453710017815,0.575925052722523
"2000-2012","AOI 2",5.09101798837608,0.192028230210983
