"period","aoi","gain","lossgain"
"2000-2012","AOI 1",5.25569300547426,0.575925001514198
